6,6,911,random@gmail.com,\N,\N,3/7/2015 11:34,3/7/2015 13:34,Random Person,1
7,7,911,random@gmail.com,\N,\N,3/7/2015 11:34,3/7/2015 13:34,Random Person,1
8,8,911,random@gmail.com,\N,\N,3/7/2015 11:34,3/7/2015 13:34,Random Person,1
9,9,911,random@gmail.com,\N,\N,3/7/2015 11:34,3/7/2015 13:34,Random Person,1
10,10,911,random@gmail.com,\N,\N,3/7/2015 11:34,3/7/2015 13:34,Random Person,1
11,11,911,random@gmail.com,\N,\N,3/7/2015 11:34,3/7/2015 13:34,Random Person,1
12,12,911,random@gmail.com,\N,\N,3/7/2015 11:34,3/7/2015 13:34,Random Person,1
13,13,911,random@gmail.com,\N,\N,3/7/2015 11:34,3/7/2015 13:34,Random Person,1
14,14,911,random@gmail.com,\N,\N,3/7/2015 11:34,3/7/2015 13:34,Random Person,1
15,15,911,random@gmail.com,\N,\N,3/7/2015 11:34,3/7/2015 13:34,Random Person,1
16,16,911,random@gmail.com,\N,\N,3/7/2015 11:34,3/7/2015 13:34,Random Person,1
17,17,911,random@gmail.com,\N,\N,3/7/2015 11:34,3/7/2015 13:34,Random Person,1
18,18,911,random@gmail.com,\N,\N,3/7/2015 11:34,3/7/2015 13:34,Random Person,1
19,19,911,random@gmail.com,\N,\N,3/7/2015 11:34,3/7/2015 13:34,Random Person,1
20,20,911,random@gmail.com,\N,\N,3/7/2015 11:34,3/7/2015 13:34,Random Person,1
21,21,911,random@gmail.com,\N,\N,3/7/2015 11:34,3/7/2015 13:34,Random Person,1
22,22,911,random@gmail.com,\N,\N,3/7/2015 11:34,3/7/2015 13:34,Random Person,1
23,23,911,random@gmail.com,\N,\N,3/7/2015 11:34,3/7/2015 13:34,Random Person,1
24,24,911,random@gmail.com,\N,\N,3/7/2015 11:34,3/7/2015 13:34,Random Person,1
25,25,911,random@gmail.com,\N,\N,3/7/2015 11:34,3/7/2015 13:34,Random Person,1
26,26,911,random@gmail.com,\N,\N,3/7/2015 11:34,3/7/2015 13:34,Random Person,1
27,27,911,random@gmail.com,\N,\N,3/7/2015 11:34,3/7/2015 13:34,Random Person,1
28,28,911,random@gmail.com,\N,\N,3/7/2015 11:34,3/7/2015 13:34,Random Person,1
29,29,911,random@gmail.com,\N,\N,3/7/2015 11:34,3/7/2015 13:34,Random Person,1
30,30,911,random@gmail.com,\N,\N,3/7/2015 11:34,3/7/2015 13:34,Random Person,1
31,31,911,random@gmail.com,\N,\N,3/7/2015 11:34,3/7/2015 13:34,Random Person,1
32,32,911,random@gmail.com,\N,\N,3/7/2015 11:34,3/7/2015 13:34,Random Person,1
33,33,911,random@gmail.com,\N,\N,3/7/2015 11:34,3/7/2015 13:34,Random Person,1
34,34,911,random@gmail.com,\N,\N,3/7/2015 11:34,3/7/2015 13:34,Random Person,1
35,35,911,random@gmail.com,\N,\N,3/7/2015 11:34,3/7/2015 13:34,Random Person,1
36,36,911,random@gmail.com,\N,\N,3/7/2015 11:34,3/7/2015 13:34,Random Person,1
37,37,911,random@gmail.com,\N,\N,3/7/2015 11:34,3/7/2015 13:34,Random Person,1
38,38,911,random@gmail.com,\N,\N,3/7/2015 11:34,3/7/2015 13:34,Random Person,1
39,39,911,random@gmail.com,\N,\N,3/7/2015 11:34,3/7/2015 13:34,Random Person,1
40,40,911,random@gmail.com,\N,\N,3/7/2015 11:34,3/7/2015 13:34,Random Person,1
41,41,911,random@gmail.com,\N,\N,3/7/2015 11:34,3/7/2015 13:34,Random Person,1
42,42,911,random@gmail.com,\N,\N,3/7/2015 11:34,3/7/2015 13:34,Random Person,1
43,43,911,random@gmail.com,\N,\N,3/7/2015 11:34,3/7/2015 13:34,Random Person,1
44,44,911,random@gmail.com,\N,\N,3/7/2015 11:34,3/7/2015 13:34,Random Person,1
45,45,911,random@gmail.com,\N,\N,3/7/2015 11:34,3/7/2015 13:34,Random Person,1
46,46,911,random@gmail.com,\N,\N,3/7/2015 11:34,3/7/2015 13:34,Random Person,1
47,47,911,random@gmail.com,\N,\N,3/7/2015 11:34,3/7/2015 13:34,Random Person,1
48,48,911,random@gmail.com,\N,\N,3/7/2015 11:34,3/7/2015 13:34,Random Person,1
49,49,911,random@gmail.com,\N,\N,3/7/2015 11:34,3/7/2015 13:34,Random Person,1
50,50,911,random@gmail.com,\N,\N,3/7/2015 11:34,3/7/2015 13:34,Random Person,1
51,51,911,random@gmail.com,\N,\N,3/7/2015 11:34,3/7/2015 13:34,Random Person,1
52,52,911,random@gmail.com,\N,\N,3/7/2015 11:34,3/7/2015 13:34,Random Person,1
53,53,911,random@gmail.com,\N,\N,3/7/2015 11:34,3/7/2015 13:34,Random Person,1
54,54,911,random@gmail.com,\N,\N,3/7/2015 11:34,3/7/2015 13:34,Random Person,1
55,55,911,random@gmail.com,\N,\N,3/7/2015 11:34,3/7/2015 13:34,Random Person,1
56,56,911,random@gmail.com,\N,\N,3/7/2015 11:34,3/7/2015 13:34,Random Person,1
57,57,911,random@gmail.com,\N,\N,3/7/2015 11:34,3/7/2015 13:34,Random Person,1
58,58,911,random@gmail.com,\N,\N,3/7/2015 11:34,3/7/2015 13:34,Random Person,1
59,59,911,random@gmail.com,\N,\N,3/7/2015 11:34,3/7/2015 13:34,Random Person,1
60,60,911,random@gmail.com,\N,\N,3/7/2015 11:34,3/7/2015 13:34,Random Person,1
61,61,911,random@gmail.com,\N,\N,3/7/2015 11:34,3/7/2015 13:34,Random Person,1
62,62,911,random@gmail.com,\N,\N,3/7/2015 11:34,3/7/2015 13:34,Random Person,1
63,63,911,random@gmail.com,\N,\N,3/7/2015 11:34,3/7/2015 13:34,Random Person,1
64,64,911,random@gmail.com,\N,\N,3/7/2015 11:34,3/7/2015 13:34,Random Person,1
65,65,911,random@gmail.com,\N,\N,3/7/2015 11:34,3/7/2015 13:34,Random Person,1
66,66,911,random@gmail.com,\N,\N,3/7/2015 11:34,3/7/2015 13:34,Random Person,1
67,67,911,random@gmail.com,\N,\N,3/7/2015 11:34,3/7/2015 13:34,Random Person,1
68,68,911,random@gmail.com,\N,\N,3/7/2015 11:34,3/7/2015 13:34,Random Person,1
69,69,911,random@gmail.com,\N,\N,3/7/2015 11:34,3/7/2015 13:34,Random Person,1
70,70,911,random@gmail.com,\N,\N,3/7/2015 11:34,3/7/2015 13:34,Random Person,1
71,71,911,random@gmail.com,\N,\N,3/7/2015 11:34,3/7/2015 13:34,Random Person,1
72,72,911,random@gmail.com,\N,\N,3/7/2015 11:34,3/7/2015 13:34,Random Person,1
73,73,911,random@gmail.com,\N,\N,3/7/2015 11:34,3/7/2015 13:34,Random Person,1
74,74,911,random@gmail.com,\N,\N,3/7/2015 11:34,3/7/2015 13:34,Random Person,1
75,75,911,random@gmail.com,\N,\N,3/7/2015 11:34,3/7/2015 13:34,Random Person,1
76,76,911,random@gmail.com,\N,\N,3/7/2015 11:34,3/7/2015 13:34,Random Person,1
77,77,911,random@gmail.com,\N,\N,3/7/2015 11:34,3/7/2015 13:34,Random Person,1
78,78,911,random@gmail.com,\N,\N,3/7/2015 11:34,3/7/2015 13:34,Random Person,1
79,79,911,random@gmail.com,\N,\N,3/7/2015 11:34,3/7/2015 13:34,Random Person,1
80,80,911,random@gmail.com,\N,\N,3/7/2015 11:34,3/7/2015 13:34,Random Person,1
81,81,911,random@gmail.com,\N,\N,3/7/2015 11:34,3/7/2015 13:34,Random Person,1
82,82,911,random@gmail.com,\N,\N,3/7/2015 11:34,3/7/2015 13:34,Random Person,1
83,83,911,random@gmail.com,\N,\N,3/7/2015 11:34,3/7/2015 13:34,Random Person,1
84,84,911,random@gmail.com,\N,\N,3/7/2015 11:34,3/7/2015 13:34,Random Person,1
85,85,911,random@gmail.com,\N,\N,3/7/2015 11:34,3/7/2015 13:34,Random Person,1
86,86,911,random@gmail.com,\N,\N,3/7/2015 11:34,3/7/2015 13:34,Random Person,1
87,87,911,random@gmail.com,\N,\N,3/7/2015 11:34,3/7/2015 13:34,Random Person,1
88,88,911,random@gmail.com,\N,\N,3/7/2015 11:34,3/7/2015 13:34,Random Person,1
89,89,911,random@gmail.com,\N,\N,3/7/2015 11:34,3/7/2015 13:34,Random Person,1
90,90,911,random@gmail.com,\N,\N,3/7/2015 11:34,3/7/2015 13:34,Random Person,1
91,91,911,random@gmail.com,\N,\N,3/7/2015 11:34,3/7/2015 13:34,Random Person,1
92,92,911,random@gmail.com,\N,\N,3/7/2015 11:34,3/7/2015 13:34,Random Person,1
93,93,911,random@gmail.com,\N,\N,3/7/2015 11:34,3/7/2015 13:34,Random Person,1
94,94,911,random@gmail.com,\N,\N,3/7/2015 11:34,3/7/2015 13:34,Random Person,1
95,95,911,random@gmail.com,\N,\N,3/7/2015 11:34,3/7/2015 13:34,Random Person,1
96,96,911,random@gmail.com,\N,\N,3/7/2015 11:34,3/7/2015 13:34,Random Person,1
97,97,911,random@gmail.com,\N,\N,3/7/2015 11:34,3/7/2015 13:34,Random Person,1
98,98,911,random@gmail.com,\N,\N,3/7/2015 11:34,3/7/2015 13:34,Random Person,1
99,99,911,random@gmail.com,\N,\N,3/7/2015 11:34,3/7/2015 13:34,Random Person,1
100,100,911,random@gmail.com,\N,\N,3/7/2015 11:34,3/7/2015 13:34,Random Person,1
101,101,911,random@gmail.com,\N,\N,3/7/2015 11:34,3/7/2015 13:34,Random Person,1
102,102,911,random@gmail.com,\N,\N,3/7/2015 11:34,3/7/2015 13:34,Random Person,1
103,103,911,random@gmail.com,\N,\N,3/7/2015 11:34,3/7/2015 13:34,Random Person,1
